section.id,section.name
1136596016319253,Master Backlog - Ungroomed
1149505289698856,Reported Bug list
1152953586886481,Regression bug 
1134367795571128,Master Backlog - Groomed
1156733977602522,Sprint - Target
1156733977602521,Sprint - Committed (Feb 10th prod push)
1134367795571126,In Progress
1141519247851731,QA Failed
1134367795571129,In QA
1134975133741044,QA Passed
1134367795571127,In UAT
1140831494124540,UAT Failed
1136670211016453,UAT Passed
1136670211016454,In Prod
1146362213202645,Prod Push Checklist
1149526578157689,Done-Prism 3.1.5.25 Feb 17 2020
1149526578131695,Prism2 Push Checklist
1152359042718753,Done-Prism2 push 3.1.5.25 Feb 20
